INSERT INTO taxischema.address (road, number, city)
VALUES
  ('Elm Street', 123, 'Springfield'),
  ('Elm Street', 124, 'Springfield'),
  ('Elm Street', 125, 'Springfield'),
  ('Maple Avenue', 456, 'Shelbyville'),
  ('Maple Avenue', 457, 'Shelbyville'),
  ('Pine Road', 789, 'Ogdenville'),
  ('Pine Road', 790, 'Ogdenville'),
  ('Oak Boulevard', 101, 'North Haverbrook'),
  ('Oak Boulevard', 102, 'North Haverbrook'),
  ('Cedar Lane', 202, 'Capital City'),
  ('Cedar Lane', 203, 'Capital City'),
  ('Birch Road', 301, 'Capital City');


INSERT INTO taxischema.client (name, email)
VALUES
  ('John Doe', 'john.doe@example.com'),
  ('John Smith', 'john.smith@example.com'),
  ('Jane Doe', 'jane.doe@example.com'),
  ('Robert Brown', 'robert.brown@example.com'),
  ('Robert Green', 'robert.green@example.com'),
  ('Alice White', 'alice.white@example.com'),
  ('Charlie Green', 'charlie.green@example.com'),
  ('Eva Blue', 'eva.blue@example.com'),
  ('George Clark', 'george.clark@example.com');


INSERT INTO taxischema.credit_card (number, client_email, billing_road, billing_number, billing_city)
VALUES
  ('4111111111111111', 'john.doe@example.com', 'Elm Street', 123, 'Springfield'),
  ('5111111111111111', 'john.smith@example.com', 'Elm Street', 124, 'Springfield'),
  ('4222222222222222', 'jane.doe@example.com', 'Maple Avenue', 456, 'Shelbyville'),
  ('4333333333333333', 'robert.brown@example.com', 'Pine Road', 789, 'Ogdenville'),
  ('5333333333333333', 'robert.green@example.com', 'Pine Road', 790, 'Ogdenville'),
  ('4444444444444444', 'alice.white@example.com', 'Oak Boulevard', 101, 'North Haverbrook'),
  ('4555555555555555', 'charlie.green@example.com', 'Cedar Lane', 202, 'Capital City'),
  ('5555555555555555', 'eva.blue@example.com', 'Cedar Lane', 203, 'Capital City');


INSERT INTO taxischema.driver (name, home_road, home_number, home_city)
VALUES
  ('Mike Johnson', 'Elm Street', 123, 'Springfield'),
  ('Mike Williams', 'Elm Street', 124, 'Springfield'),
  ('Linda Davis', 'Maple Avenue', 456, 'Shelbyville'),
  ('Steve Martinez', 'Pine Road', 789, 'Ogdenville'),
  ('Steve Brown', 'Pine Road', 790, 'Ogdenville'),
  ('Nancy Harris', 'Oak Boulevard', 101, 'North Haverbrook'),
  ('David Clark', 'Cedar Lane', 202, 'Capital City'),
  ('David Wilson', 'Cedar Lane', 203, 'Capital City');


INSERT INTO taxischema.review (message, rating, client_email, driver_name)
VALUES
  ('Great ride, smooth and fast!', 5, 'john.doe@example.com', 'Mike Johnson'),
  ('Great ride, smooth and fast!', 5, 'john.smith@example.com', 'Mike Williams'),
  ('Nice driver but the car could be cleaner.', 3, 'jane.doe@example.com', 'Linda Davis'),
  ('Excellent service, very friendly driver.', 5, 'robert.brown@example.com', 'Steve Martinez'),
  ('Nice car, but a little late.', 4, 'robert.green@example.com', 'Steve Brown'),
  ('The car was a bit uncomfortable.', 2, 'alice.white@example.com', 'Nancy Harris'),
  ('Fantastic experience, highly recommend!', 5, 'charlie.green@example.com', 'David Clark'),
  ('Friendly driver, but the car was dirty.', 3, 'eva.blue@example.com', 'David Wilson');


INSERT INTO taxischema.car (brand)
VALUES
  ('Toyota'),
  ('Mercedes-Benz'),
  ('Honda'),
  ('Nissan'),
  ('Ford'),
  ('Hyundai'),
  ('Chevrolet'),
  ('Volkswagen'),
  ('BMW'),
  ('Kia');


INSERT INTO taxischema.model (color, year, transmission, car_id)
VALUES
  ('Red', 2020, 'Automatic', 1),
  ('Blue', 2020, 'Manual', 2),
  ('Blue', 2021, 'Manual', 3),
  ('Black', 2022, 'Automatic', 4),
  ('Red', 2021, 'Automatic', 5),
  ('White', 2020, 'Automatic', 6),
  ('Silver', 2021, 'Manual', 7),
  ('Silver', 2021, 'Manual', 8),
  ('Silver', 2021, 'Automatic', 9),
  ('Red', 2020, 'Automatic', 10),
  ('Green', 2022, 'Manual', 1),
  ('Blue', 2023, 'Automatic', 2),
  ('Black', 2021, 'Manual', 3),
  ('White', 2020, 'Manual', 4),
  ('Yellow', 2022, 'Automatic', 5),
  ('Orange', 2023, 'Manual', 6),
  ('Red', 2021, 'Manual', 7),
  ('Silver', 2022, 'Automatic', 8),
  ('Blue', 2024, 'Manual', 9),
  ('Black', 2023, 'Automatic', 10),
  ('Green', 2021, 'Automatic', 1),
  ('Yellow', 2020, 'Manual', 2),
  ('White', 2024, 'Automatic', 3),
  ('Red', 2023, 'Manual', 4),
  ('Orange', 2021, 'Automatic', 5),
  ('Silver', 2024, 'Manual', 6),
  ('Blue', 2022, 'Automatic', 7),
  ('Black', 2024, 'Manual', 8),
  ('White', 2021, 'Automatic', 9),
  ('Green', 2020, 'Manual', 10),
  ('Yellow', 2023, 'Automatic', 1),
  ('Silver', 2020, 'Manual', 2),
  ('Red', 2022, 'Manual', 3),
  ('Orange', 2023, 'Automatic', 4),
  ('Blue', 2021, 'Manual', 5),
  ('Green', 2022, 'Automatic', 6),
  ('White', 2023, 'Manual', 7),
  ('Black', 2021, 'Automatic', 8),
  ('Red', 2024, 'Manual', 9),
  ('Yellow', 2021, 'Automatic', 10),
  ('Blue', 2020, 'Manual', 1),
  ('Green', 2021, 'Manual', 2),
  ('Silver', 2023, 'Automatic', 3),
  ('Orange', 2020, 'Manual', 4),
  ('Red', 2021, 'Automatic', 5),
  ('White', 2022, 'Manual', 6),
  ('Blue', 2023, 'Automatic', 7),
  ('Yellow', 2024, 'Manual', 8),
  ('Black', 2020, 'Automatic', 9),
  ('Green', 2024, 'Manual', 10),
  ('Orange', 2022, 'Automatic', 1),
  ('Silver', 2021, 'Manual', 2),
  ('Red', 2022, 'Automatic', 3),
  ('Blue', 2020, 'Manual', 4),
  ('Black', 2023, 'Manual', 5),
  ('White', 2024, 'Automatic', 6),
  ('Yellow', 2022, 'Manual', 7),
  ('Green', 2023, 'Automatic', 8),
  ('Orange', 2021, 'Manual', 9),
  ('Red', 2023, 'Automatic', 10);



INSERT INTO taxischema.rent (date, client_email, driver_name, model_id, car_id)
VALUES
  ('2022-08-10 00:00:00', 'robert.green@example.com', 'Steve Martinez', 22, 2),
  ('2022-08-14 00:00:00', 'charlie.green@example.com', 'Mike Williams', 2, 2),
  ('2022-08-07 00:00:00', 'john.doe@example.com', 'Steve Martinez', 50, 10),
  ('2022-08-10 00:00:00', 'george.clark@example.com', 'Mike Johnson', 15, 5),
  ('2022-08-02 00:00:00', 'charlie.green@example.com', 'Mike Williams', 24, 4),
  ('2022-08-21 00:00:00', 'alice.white@example.com', 'Linda Davis', 23, 3),
  ('2022-08-16 00:00:00', 'alice.white@example.com', 'Nancy Harris', 42, 2),
  ('2022-08-15 00:00:00', 'george.clark@example.com', 'Steve Martinez', 27, 7),
  ('2022-08-08 00:00:00', 'george.clark@example.com', 'David Clark', 60, 10),
  ('2022-08-01 00:00:00', 'robert.brown@example.com', 'David Wilson', 9, 9),
  ('2022-08-18 00:00:00', 'charlie.green@example.com', 'Steve Martinez', 39, 9),
  ('2022-08-24 00:00:00', 'robert.green@example.com', 'Linda Davis', 58, 8),
  ('2022-08-15 00:00:00', 'george.clark@example.com', 'Mike Williams', 54, 4),
  ('2022-08-23 00:00:00', 'jane.doe@example.com', 'Mike Williams', 10, 10),
  ('2022-08-05 00:00:00', 'robert.green@example.com', 'David Clark', 9, 9),
  ('2022-08-21 00:00:00', 'john.smith@example.com', 'Mike Williams', 56, 6),
  ('2022-08-16 00:00:00', 'charlie.green@example.com', 'Mike Johnson', 5, 5),
  ('2022-08-21 00:00:00', 'robert.green@example.com', 'Nancy Harris', 27, 7),
  ('2022-08-19 00:00:00', 'alice.white@example.com', 'Steve Brown', 52, 2),
  ('2022-08-15 00:00:00', 'eva.blue@example.com', 'Mike Johnson', 31, 1),
  ('2022-08-14 00:00:00', 'robert.green@example.com', 'Steve Martinez', 9, 9),
  ('2022-08-08 00:00:00', 'john.doe@example.com', 'Mike Williams', 31, 1),
  ('2022-08-22 00:00:00', 'george.clark@example.com', 'David Clark', 48, 8),
  ('2022-08-17 00:00:00', 'robert.green@example.com', 'David Clark', 16, 6),
  ('2022-08-22 00:00:00', 'eva.blue@example.com', 'Steve Martinez', 2, 2),
  ('2022-08-12 00:00:00', 'alice.white@example.com', 'David Clark', 24, 4),
  ('2022-08-21 00:00:00', 'jane.doe@example.com', 'David Wilson', 59, 9),
  ('2022-08-28 00:00:00', 'eva.blue@example.com', 'Steve Brown', 57, 7),
  ('2022-08-01 00:00:00', 'charlie.green@example.com', 'Steve Martinez', 2, 2),
  ('2022-08-09 00:00:00', 'george.clark@example.com', 'Linda Davis', 21, 1),
  ('2022-08-05 00:00:00', 'eva.blue@example.com', 'David Clark', 26, 6),
  ('2022-08-29 00:00:00', 'john.smith@example.com', 'Mike Johnson', 12, 2),
  ('2022-08-16 00:00:00', 'charlie.green@example.com', 'David Wilson', 15, 5),
  ('2022-08-24 00:00:00', 'alice.white@example.com', 'Steve Martinez', 55, 5),
  ('2022-08-13 00:00:00', 'eva.blue@example.com', 'David Clark', 54, 4),
  ('2022-08-20 00:00:00', 'john.doe@example.com', 'David Wilson', 57, 7),
  ('2022-08-29 00:00:00', 'eva.blue@example.com', 'Nancy Harris', 60, 10),
  ('2022-08-19 00:00:00', 'alice.white@example.com', 'Linda Davis', 26, 6),
  ('2022-08-25 00:00:00', 'john.smith@example.com', 'Steve Brown', 18, 8),
  ('2022-08-26 00:00:00', 'robert.green@example.com', 'Steve Brown', 52, 2),
  ('2022-08-26 00:00:00', 'alice.white@example.com', 'David Clark', 13, 3),
  ('2022-08-08 00:00:00', 'robert.brown@example.com', 'David Clark', 15, 5),
  ('2022-08-24 00:00:00', 'jane.doe@example.com', 'Nancy Harris', 18, 8),
  ('2022-08-23 00:00:00', 'eva.blue@example.com', 'Steve Brown', 38, 8),
  ('2022-08-11 00:00:00', 'george.clark@example.com', 'Mike Williams', 22, 2),
  ('2022-08-16 00:00:00', 'eva.blue@example.com', 'Mike Johnson', 37, 7),
  ('2022-08-05 00:00:00', 'john.doe@example.com', 'Nancy Harris', 57, 7),
  ('2022-08-08 00:00:00', 'george.clark@example.com', 'David Wilson', 54, 4),
  ('2022-08-14 00:00:00', 'eva.blue@example.com', 'Mike Johnson', 7, 7),
  ('2022-08-03 00:00:00', 'george.clark@example.com', 'Mike Johnson', 8, 8),
  ('2022-08-21 00:00:00', 'eva.blue@example.com', 'Mike Johnson', 53, 3),
  ('2022-08-23 00:00:00', 'robert.brown@example.com', 'Mike Johnson', 46, 6),
  ('2022-08-25 00:00:00', 'alice.white@example.com', 'Nancy Harris', 40, 10),
  ('2022-08-14 00:00:00', 'eva.blue@example.com', 'Nancy Harris', 44, 4),
  ('2022-08-21 00:00:00', 'robert.green@example.com', 'David Clark', 20, 10),
  ('2022-08-15 00:00:00', 'john.smith@example.com', 'Nancy Harris', 35, 5),
  ('2022-08-15 00:00:00', 'charlie.green@example.com', 'Linda Davis', 46, 6),
  ('2022-08-27 00:00:00', 'eva.blue@example.com', 'David Wilson', 50, 10),
  ('2022-08-13 00:00:00', 'charlie.green@example.com', 'Mike Williams', 1, 1),
  ('2022-08-29 00:00:00', 'charlie.green@example.com', 'David Clark', 36, 6),
  ('2022-08-01 00:00:00', 'eva.blue@example.com', 'David Wilson', 23, 3),
  ('2022-08-12 00:00:00', 'robert.brown@example.com', 'Steve Martinez', 14, 4),
  ('2022-08-30 00:00:00', 'jane.doe@example.com', 'Steve Brown', 41, 1),
  ('2022-08-26 00:00:00', 'john.smith@example.com', 'Nancy Harris', 23, 3),
  ('2022-08-04 00:00:00', 'jane.doe@example.com', 'Nancy Harris', 28, 8),
  ('2022-08-01 00:00:00', 'alice.white@example.com', 'Steve Brown', 17, 7),
  ('2022-08-08 00:00:00', 'eva.blue@example.com', 'Linda Davis', 3, 3),
  ('2022-08-14 00:00:00', 'john.smith@example.com', 'Mike Johnson', 4, 4),
  ('2022-08-26 00:00:00', 'robert.green@example.com', 'David Wilson', 2, 2),
  ('2022-08-11 00:00:00', 'robert.green@example.com', 'Nancy Harris', 16, 6),
  ('2022-08-25 00:00:00', 'robert.brown@example.com', 'David Wilson', 54, 4),
  ('2022-08-28 00:00:00', 'charlie.green@example.com', 'David Wilson', 50, 10),
  ('2022-08-15 00:00:00', 'charlie.green@example.com', 'David Wilson', 51, 1),
  ('2022-08-04 00:00:00', 'george.clark@example.com', 'David Wilson', 36, 6),
  ('2022-08-23 00:00:00', 'george.clark@example.com', 'Linda Davis', 51, 1),
  ('2022-08-20 00:00:00', 'robert.green@example.com', 'David Clark', 34, 4),
  ('2022-08-07 00:00:00', 'george.clark@example.com', 'David Clark', 24, 4),
  ('2022-08-04 00:00:00', 'jane.doe@example.com', 'David Wilson', 18, 8),
  ('2022-08-08 00:00:00', 'george.clark@example.com', 'Steve Martinez', 8, 8),
  ('2022-08-09 00:00:00', 'alice.white@example.com', 'Linda Davis', 10, 10),
  ('2022-08-02 00:00:00', 'alice.white@example.com', 'David Clark', 27, 7),
  ('2022-08-27 00:00:00', 'john.doe@example.com', 'Mike Johnson', 33, 3),
  ('2022-08-14 00:00:00', 'george.clark@example.com', 'Mike Williams', 57, 7),
  ('2022-08-04 00:00:00', 'john.smith@example.com', 'Mike Williams', 23, 3),
  ('2022-08-25 00:00:00', 'charlie.green@example.com', 'Mike Williams', 8, 8),
  ('2022-08-15 00:00:00', 'john.doe@example.com', 'Mike Johnson', 9, 9),
  ('2022-08-10 00:00:00', 'robert.green@example.com', 'Steve Brown', 8, 8),
  ('2022-08-12 00:00:00', 'eva.blue@example.com', 'Nancy Harris', 38, 8),
  ('2022-08-21 00:00:00', 'john.smith@example.com', 'Mike Johnson', 48, 8),
  ('2022-08-01 00:00:00', 'george.clark@example.com', 'Steve Martinez', 53, 3),
  ('2022-08-06 00:00:00', 'john.smith@example.com', 'Steve Brown', 36, 6),
  ('2022-08-28 00:00:00', 'john.doe@example.com', 'Mike Williams', 43, 3),
  ('2022-08-06 00:00:00', 'john.smith@example.com', 'Mike Johnson', 22, 2),
  ('2022-08-05 00:00:00', 'john.smith@example.com', 'Nancy Harris', 52, 2),
  ('2022-08-08 00:00:00', 'eva.blue@example.com', 'Steve Martinez', 48, 8),
  ('2022-08-02 00:00:00', 'charlie.green@example.com', 'Steve Brown', 28, 8),
  ('2022-08-06 00:00:00', 'george.clark@example.com', 'David Wilson', 15, 5),
  ('2022-08-12 00:00:00', 'robert.brown@example.com', 'David Clark', 36, 6),
  ('2022-08-28 00:00:00', 'george.clark@example.com', 'David Wilson', 37, 7),
  ('2022-08-03 00:00:00', 'john.doe@example.com', 'David Clark', 32, 2),
  ('2022-08-30 00:00:00', 'eva.blue@example.com', 'Mike Johnson', 49, 9),
  ('2022-08-10 00:00:00', 'alice.white@example.com', 'David Wilson', 30, 10),
  ('2022-08-05 00:00:00', 'alice.white@example.com', 'David Clark', 28, 8),
  ('2022-08-09 00:00:00', 'robert.brown@example.com', 'David Wilson', 29, 9),
  ('2022-08-09 00:00:00', 'alice.white@example.com', 'Mike Williams', 58, 8),
  ('2022-08-21 00:00:00', 'john.doe@example.com', 'David Wilson', 12, 2),
  ('2022-08-20 00:00:00', 'jane.doe@example.com', 'Mike Johnson', 41, 1),
  ('2022-08-17 00:00:00', 'alice.white@example.com', 'Steve Brown', 31, 1),
  ('2022-08-03 00:00:00', 'alice.white@example.com', 'David Clark', 47, 7),
  ('2022-08-18 00:00:00', 'john.smith@example.com', 'Mike Williams', 20, 10),
  ('2022-08-15 00:00:00', 'robert.green@example.com', 'Steve Brown', 14, 4),
  ('2022-08-07 00:00:00', 'charlie.green@example.com', 'David Clark', 35, 5),
  ('2022-08-29 00:00:00', 'eva.blue@example.com', 'Steve Brown', 29, 9),
  ('2022-08-13 00:00:00', 'george.clark@example.com', 'Linda Davis', 18, 8),
  ('2022-08-30 00:00:00', 'eva.blue@example.com', 'David Clark', 7, 7),
  ('2022-08-06 00:00:00', 'john.smith@example.com', 'Nancy Harris', 34, 4),
  ('2022-08-16 00:00:00', 'jane.doe@example.com', 'Mike Johnson', 36, 6),
  ('2022-08-14 00:00:00', 'george.clark@example.com', 'Steve Martinez', 21, 1),
  ('2022-08-01 00:00:00', 'george.clark@example.com', 'Mike Johnson', 31, 1),
  ('2022-08-02 00:00:00', 'jane.doe@example.com', 'David Clark', 39, 9),
  ('2022-08-01 00:00:00', 'charlie.green@example.com', 'David Wilson', 37, 7),
  ('2022-08-17 00:00:00', 'robert.brown@example.com', 'Mike Williams', 14, 4),
  ('2022-08-05 00:00:00', 'john.smith@example.com', 'Steve Martinez', 29, 9),
  ('2022-08-30 00:00:00', 'john.doe@example.com', 'Mike Johnson', 15, 5),
  ('2022-08-06 00:00:00', 'alice.white@example.com', 'Mike Johnson', 48, 8),
  ('2022-08-09 00:00:00', 'eva.blue@example.com', 'David Clark', 13, 3),
  ('2022-08-20 00:00:00', 'robert.brown@example.com', 'Nancy Harris', 51, 1),
  ('2022-08-09 00:00:00', 'charlie.green@example.com', 'Mike Williams', 52, 2),
  ('2022-08-29 00:00:00', 'robert.green@example.com', 'Linda Davis', 28, 8),
  ('2022-08-26 00:00:00', 'john.smith@example.com', 'Steve Brown', 42, 2),
  ('2022-08-15 00:00:00', 'john.smith@example.com', 'Mike Johnson', 5, 5),
  ('2022-08-22 00:00:00', 'charlie.green@example.com', 'David Wilson', 13, 3),
  ('2022-08-12 00:00:00', 'jane.doe@example.com', 'Linda Davis', 12, 2),
  ('2022-08-22 00:00:00', 'george.clark@example.com', 'Nancy Harris', 27, 7),
  ('2022-08-28 00:00:00', 'eva.blue@example.com', 'David Wilson', 9, 9),
  ('2022-08-09 00:00:00', 'robert.brown@example.com', 'Mike Williams', 2, 2),
  ('2022-08-04 00:00:00', 'john.smith@example.com', 'Steve Brown', 3, 3),
  ('2022-08-17 00:00:00', 'george.clark@example.com', 'Steve Brown', 58, 8),
  ('2022-08-07 00:00:00', 'george.clark@example.com', 'Steve Martinez', 23, 3),
  ('2022-08-13 00:00:00', 'eva.blue@example.com', 'Mike Johnson', 26, 6),
  ('2022-08-16 00:00:00', 'john.doe@example.com', 'Steve Brown', 17, 7),
  ('2022-08-12 00:00:00', 'charlie.green@example.com', 'David Clark', 29, 9),
  ('2022-08-24 00:00:00', 'george.clark@example.com', 'David Wilson', 22, 2),
  ('2022-08-27 00:00:00', 'jane.doe@example.com', 'Steve Martinez', 41, 1),
  ('2022-08-23 00:00:00', 'jane.doe@example.com', 'Mike Williams', 45, 5),
  ('2022-08-06 00:00:00', 'alice.white@example.com', 'Mike Johnson', 1, 1),
  ('2022-08-18 00:00:00', 'alice.white@example.com', 'Mike Johnson', 21, 1),
  ('2022-08-16 00:00:00', 'john.doe@example.com', 'Mike Johnson', 41, 1),
  ('2022-08-29 00:00:00', 'john.doe@example.com', 'David Wilson', 19, 9),
  ('2022-08-30 00:00:00', 'george.clark@example.com', 'Steve Brown', 21, 1),
  ('2022-08-17 00:00:00', 'john.doe@example.com', 'Linda Davis', 25, 5),
  ('2022-08-18 00:00:00', 'jane.doe@example.com', 'Nancy Harris', 36, 6),
  ('2022-08-27 00:00:00', 'robert.brown@example.com', 'Steve Martinez', 17, 7),
  ('2022-08-16 00:00:00', 'jane.doe@example.com', 'Steve Martinez', 43, 3),
  ('2022-08-18 00:00:00', 'eva.blue@example.com', 'Linda Davis', 37, 7),
  ('2022-08-23 00:00:00', 'robert.green@example.com', 'Nancy Harris', 47, 7),
  ('2022-08-27 00:00:00', 'john.smith@example.com', 'Mike Williams', 1, 1),
  ('2022-08-08 00:00:00', 'jane.doe@example.com', 'Nancy Harris', 50, 10),
  ('2022-08-12 00:00:00', 'george.clark@example.com', 'Nancy Harris', 26, 6),
  ('2022-08-15 00:00:00', 'john.smith@example.com', 'Mike Johnson', 50, 10),
  ('2022-08-05 00:00:00', 'george.clark@example.com', 'David Clark', 45, 5),
  ('2022-08-11 00:00:00', 'robert.green@example.com', 'Mike Williams', 35, 5),
  ('2022-08-23 00:00:00', 'eva.blue@example.com', 'Steve Brown', 40, 10),
  ('2022-08-23 00:00:00', 'robert.green@example.com', 'David Clark', 57, 7),
  ('2022-08-07 00:00:00', 'robert.green@example.com', 'Mike Johnson', 58, 8),
  ('2022-08-26 00:00:00', 'george.clark@example.com', 'Linda Davis', 38, 8),
  ('2022-08-04 00:00:00', 'john.smith@example.com', 'David Wilson', 46, 6),
  ('2022-08-04 00:00:00', 'john.doe@example.com', 'Linda Davis', 43, 3),
  ('2022-08-27 00:00:00', 'robert.brown@example.com', 'Mike Williams', 36, 6),
  ('2022-08-12 00:00:00', 'eva.blue@example.com', 'David Wilson', 41, 1),
  ('2022-08-13 00:00:00', 'eva.blue@example.com', 'Mike Williams', 9, 9),
  ('2022-08-17 00:00:00', 'robert.brown@example.com', 'Mike Williams', 50, 10),
  ('2022-08-25 00:00:00', 'john.doe@example.com', 'Mike Johnson', 59, 9),
  ('2022-08-16 00:00:00', 'john.doe@example.com', 'David Clark', 26, 6),
  ('2022-08-06 00:00:00', 'john.smith@example.com', 'Steve Martinez', 25, 5),
  ('2022-08-13 00:00:00', 'eva.blue@example.com', 'Linda Davis', 41, 1),
  ('2022-08-22 00:00:00', 'robert.green@example.com', 'Mike Johnson', 14, 4),
  ('2022-08-28 00:00:00', 'john.smith@example.com', 'Steve Brown', 11, 1),
  ('2022-08-15 00:00:00', 'alice.white@example.com', 'Nancy Harris', 39, 9),
  ('2022-08-24 00:00:00', 'robert.green@example.com', 'David Wilson', 1, 1),
  ('2022-08-11 00:00:00', 'charlie.green@example.com', 'Nancy Harris', 47, 7),
  ('2022-08-02 00:00:00', 'jane.doe@example.com', 'David Clark', 52, 2),
  ('2022-08-06 00:00:00', 'charlie.green@example.com', 'Linda Davis', 39, 9),
  ('2022-08-26 00:00:00', 'john.doe@example.com', 'Linda Davis', 39, 9),
  ('2022-08-21 00:00:00', 'eva.blue@example.com', 'David Clark', 2, 2),
  ('2022-08-03 00:00:00', 'alice.white@example.com', 'Mike Johnson', 51, 1),
  ('2022-08-22 00:00:00', 'john.doe@example.com', 'Steve Brown', 42, 2),
  ('2022-08-25 00:00:00', 'charlie.green@example.com', 'Mike Williams', 21, 1),
  ('2022-08-13 00:00:00', 'robert.green@example.com', 'David Clark', 45, 5),
  ('2022-08-21 00:00:00', 'eva.blue@example.com', 'Mike Williams', 47, 7),
  ('2022-08-23 00:00:00', 'alice.white@example.com', 'Steve Brown', 49, 9),
  ('2022-08-18 00:00:00', 'robert.brown@example.com', 'Linda Davis', 51, 1),
  ('2022-08-29 00:00:00', 'alice.white@example.com', 'Linda Davis', 59, 9),
  ('2022-08-03 00:00:00', 'robert.brown@example.com', 'Mike Johnson', 17, 7),
  ('2022-08-10 00:00:00', 'charlie.green@example.com', 'Mike Williams', 50, 10),
  ('2022-08-15 00:00:00', 'robert.green@example.com', 'David Clark', 22, 2),
  ('2022-08-29 00:00:00', 'eva.blue@example.com', 'David Clark', 45, 5),
  ('2022-08-28 00:00:00', 'jane.doe@example.com', 'Steve Martinez', 31, 1),
  ('2022-08-22 00:00:00', 'alice.white@example.com', 'Nancy Harris', 5, 5),
  ('2022-08-08 00:00:00', 'charlie.green@example.com', 'Linda Davis', 36, 6),
  ('2022-08-12 00:00:00', 'robert.green@example.com', 'Linda Davis', 49, 9),
  ('2022-08-18 00:00:00', 'george.clark@example.com', 'Mike Williams', 57, 7),
  ('2022-08-02 00:00:00', 'eva.blue@example.com', 'Steve Martinez', 54, 4),
  ('2022-08-12 00:00:00', 'robert.brown@example.com', 'Steve Martinez', 27, 7),
  ('2022-08-30 00:00:00', 'george.clark@example.com', 'David Wilson', 56, 6),
  ('2022-08-17 00:00:00', 'charlie.green@example.com', 'Linda Davis', 51, 1),
  ('2022-08-04 00:00:00', 'george.clark@example.com', 'Steve Brown', 27, 7),
  ('2022-08-12 00:00:00', 'john.doe@example.com', 'Mike Johnson', 56, 6),
  ('2022-08-30 00:00:00', 'robert.brown@example.com', 'Steve Martinez', 60, 10),
  ('2022-08-24 00:00:00', 'john.doe@example.com', 'Linda Davis', 14, 4),
  ('2022-08-12 00:00:00', 'john.smith@example.com', 'Steve Brown', 15, 5),
  ('2022-08-27 00:00:00', 'eva.blue@example.com', 'Mike Williams', 28, 8),
  ('2022-08-30 00:00:00', 'robert.green@example.com', 'Nancy Harris', 47, 7),
  ('2022-08-14 00:00:00', 'robert.brown@example.com', 'Mike Williams', 22, 2),
  ('2022-08-23 00:00:00', 'alice.white@example.com', 'Steve Brown', 28, 8),
  ('2022-08-23 00:00:00', 'eva.blue@example.com', 'Steve Brown', 55, 5),
  ('2022-08-20 00:00:00', 'john.smith@example.com', 'Mike Williams', 13, 3),
  ('2022-08-16 00:00:00', 'john.smith@example.com', 'David Wilson', 13, 3),
  ('2022-08-23 00:00:00', 'john.doe@example.com', 'Linda Davis', 18, 8),
  ('2022-08-20 00:00:00', 'robert.green@example.com', 'Nancy Harris', 46, 6),
  ('2022-08-21 00:00:00', 'john.smith@example.com', 'David Clark', 29, 9),
  ('2022-08-11 00:00:00', 'john.doe@example.com', 'Nancy Harris', 15, 5),
  ('2022-08-23 00:00:00', 'john.doe@example.com', 'Nancy Harris', 25, 5),
  ('2022-08-30 00:00:00', 'charlie.green@example.com', 'David Clark', 35, 5),
  ('2022-08-18 00:00:00', 'charlie.green@example.com', 'David Wilson', 59, 9),
  ('2022-08-28 00:00:00', 'robert.green@example.com', 'Steve Brown', 45, 5),
  ('2022-08-02 00:00:00', 'alice.white@example.com', 'Steve Martinez', 14, 4),
  ('2022-08-15 00:00:00', 'robert.brown@example.com', 'David Clark', 49, 9),
  ('2022-08-22 00:00:00', 'john.smith@example.com', 'Steve Martinez', 17, 7),
  ('2022-08-28 00:00:00', 'jane.doe@example.com', 'Steve Brown', 27, 7),
  ('2022-08-01 00:00:00', 'charlie.green@example.com', 'Steve Brown', 59, 9),
  ('2022-08-05 00:00:00', 'alice.white@example.com', 'Linda Davis', 27, 7),
  ('2022-08-08 00:00:00', 'charlie.green@example.com', 'Steve Brown', 26, 6),
  ('2022-08-06 00:00:00', 'robert.green@example.com', 'David Clark', 47, 7),
  ('2022-08-16 00:00:00', 'eva.blue@example.com', 'Steve Martinez', 21, 1),
  ('2022-08-17 00:00:00', 'charlie.green@example.com', 'Mike Williams', 11, 1),
  ('2022-08-02 00:00:00', 'john.smith@example.com', 'Nancy Harris', 51, 1),
  ('2022-08-02 00:00:00', 'eva.blue@example.com', 'Mike Johnson', 4, 4),
  ('2022-08-09 00:00:00', 'john.doe@example.com', 'Steve Martinez', 47, 7),
  ('2022-08-19 00:00:00', 'robert.brown@example.com', 'Mike Johnson', 56, 6),
  ('2022-08-01 00:00:00', 'charlie.green@example.com', 'David Clark', 3, 3),
  ('2022-08-29 00:00:00', 'john.doe@example.com', 'Linda Davis', 18, 8),
  ('2022-08-08 00:00:00', 'john.doe@example.com', 'David Clark', 21, 1),
  ('2022-08-05 00:00:00', 'robert.green@example.com', 'Mike Johnson', 38, 8),
  ('2022-08-19 00:00:00', 'charlie.green@example.com', 'Nancy Harris', 49, 9),
  ('2022-08-26 00:00:00', 'robert.green@example.com', 'Mike Williams', 37, 7),
  ('2022-08-19 00:00:00', 'jane.doe@example.com', 'Steve Martinez', 36, 6),
  ('2022-08-13 00:00:00', 'robert.brown@example.com', 'Steve Brown', 30, 10),
  ('2022-08-20 00:00:00', 'robert.brown@example.com', 'David Wilson', 8, 8),
  ('2022-08-01 00:00:00', 'eva.blue@example.com', 'Nancy Harris', 14, 4),
  ('2022-08-11 00:00:00', 'robert.brown@example.com', 'Nancy Harris', 5, 5),
  ('2022-08-28 00:00:00', 'charlie.green@example.com', 'Mike Williams', 48, 8),
  ('2022-08-30 00:00:00', 'robert.brown@example.com', 'David Wilson', 26, 6),
  ('2022-08-11 00:00:00', 'eva.blue@example.com', 'Steve Martinez', 13, 3),
  ('2022-08-20 00:00:00', 'robert.brown@example.com', 'Mike Johnson', 1, 1),
  ('2022-08-09 00:00:00', 'eva.blue@example.com', 'Mike Williams', 41, 1),
  ('2022-08-13 00:00:00', 'charlie.green@example.com', 'David Wilson', 44, 4),
  ('2022-08-19 00:00:00', 'eva.blue@example.com', 'Mike Johnson', 16, 6),
  ('2022-08-22 00:00:00', 'george.clark@example.com', 'Steve Martinez', 21, 1),
  ('2022-08-02 00:00:00', 'alice.white@example.com', 'Mike Williams', 22, 2),
  ('2022-08-03 00:00:00', 'george.clark@example.com', 'Linda Davis', 10, 10),
  ('2022-08-18 00:00:00', 'john.smith@example.com', 'David Wilson', 38, 8),
  ('2022-08-30 00:00:00', 'jane.doe@example.com', 'David Clark', 50, 10),
  ('2022-08-21 00:00:00', 'eva.blue@example.com', 'Linda Davis', 16, 6),
  ('2022-08-09 00:00:00', 'robert.brown@example.com', 'Mike Williams', 44, 4),
  ('2022-08-02 00:00:00', 'george.clark@example.com', 'David Wilson', 36, 6),
  ('2022-08-18 00:00:00', 'jane.doe@example.com', 'Steve Martinez', 58, 8),
  ('2022-08-02 00:00:00', 'alice.white@example.com', 'Steve Brown', 50, 10),
  ('2022-08-03 00:00:00', 'jane.doe@example.com', 'Steve Martinez', 6, 6),
  ('2022-08-28 00:00:00', 'jane.doe@example.com', 'Linda Davis', 47, 7),
  ('2022-08-11 00:00:00', 'robert.brown@example.com', 'Mike Williams', 18, 8),
  ('2022-08-20 00:00:00', 'robert.green@example.com', 'David Wilson', 21, 1),
  ('2022-08-25 00:00:00', 'robert.green@example.com', 'David Clark', 29, 9),
  ('2022-08-26 00:00:00', 'john.doe@example.com', 'Mike Johnson', 54, 4),
  ('2022-08-23 00:00:00', 'robert.green@example.com', 'Nancy Harris', 50, 10),
  ('2022-08-28 00:00:00', 'charlie.green@example.com', 'Linda Davis', 22, 2),
  ('2022-08-27 00:00:00', 'alice.white@example.com', 'Mike Williams', 21, 1),
  ('2022-08-08 00:00:00', 'charlie.green@example.com', 'Mike Johnson', 6, 6),
  ('2022-08-29 00:00:00', 'george.clark@example.com', 'Mike Johnson', 24, 4),
  ('2022-08-22 00:00:00', 'eva.blue@example.com', 'Nancy Harris', 32, 2),
  ('2022-08-02 00:00:00', 'john.doe@example.com', 'Steve Martinez', 48, 8),
  ('2022-08-19 00:00:00', 'george.clark@example.com', 'Mike Williams', 1, 1),
  ('2022-08-06 00:00:00', 'alice.white@example.com', 'Nancy Harris', 2, 2),
  ('2022-08-15 00:00:00', 'alice.white@example.com', 'Steve Brown', 59, 9),
  ('2022-08-05 00:00:00', 'george.clark@example.com', 'Steve Martinez', 3, 3),
  ('2022-08-15 00:00:00', 'robert.brown@example.com', 'David Clark', 44, 4),
  ('2022-08-12 00:00:00', 'george.clark@example.com', 'Steve Brown', 58, 8),
  ('2022-08-15 00:00:00', 'charlie.green@example.com', 'David Wilson', 19, 9),
  ('2022-08-21 00:00:00', 'john.smith@example.com', 'Nancy Harris', 31, 1),
  ('2022-08-16 00:00:00', 'robert.brown@example.com', 'Steve Brown', 51, 1),
  ('2022-08-21 00:00:00', 'jane.doe@example.com', 'Mike Johnson', 1, 1),
  ('2022-08-19 00:00:00', 'eva.blue@example.com', 'Steve Martinez', 4, 4),
  ('2022-08-19 00:00:00', 'jane.doe@example.com', 'Mike Johnson', 55, 5),
  ('2022-08-03 00:00:00', 'charlie.green@example.com', 'Steve Martinez', 27, 7),
  ('2022-08-02 00:00:00', 'eva.blue@example.com', 'Mike Williams', 34, 4),
  ('2022-08-03 00:00:00', 'eva.blue@example.com', 'Nancy Harris', 16, 6),
  ('2022-08-11 00:00:00', 'jane.doe@example.com', 'Mike Williams', 9, 9),
  ('2022-08-11 00:00:00', 'charlie.green@example.com', 'Nancy Harris', 34, 4),
  ('2022-08-18 00:00:00', 'jane.doe@example.com', 'David Wilson', 26, 6),
  ('2022-08-23 00:00:00', 'robert.brown@example.com', 'Mike Johnson', 42, 2);

INSERT INTO taxischema.manager (ssn, name, email)
VALUES
  ('123456789', 'William Scott', 'william.scott@example.com'),
  ('987654321', 'Sophia Taylor', 'sophia.taylor@example.com'),
  ('112233445', 'James Lee', 'james.lee@example.com'),
  ('556677889', 'Emma Wilson', 'emma.wilson@example.com'),
  ('998877665', 'Liam Harris', 'liam.harris@example.com');


INSERT INTO taxischema.driver_model (driver_name, model_id, car_id)
VALUES
  ('Mike Johnson', 1, 1),
  ('Mike Williams', 2, 2),
  ('Linda Davis', 3, 3),
  ('Steve Martinez', 4, 4),
  ('Steve Brown', 5, 5),
  ('Nancy Harris', 6, 6),
  ('David Clark', 7, 7),
  ('David Wilson', 8, 8);


INSERT INTO taxischema.client_address (client_email, home_road, home_number, home_city)
VALUES
  ('john.doe@example.com', 'Elm Street', 123, 'Springfield'),
  ('john.smith@example.com', 'Elm Street', 124, 'Springfield'),
  ('jane.doe@example.com', 'Maple Avenue', 456, 'Shelbyville'),
  ('robert.brown@example.com', 'Pine Road', 789, 'Ogdenville'),
  ('robert.green@example.com', 'Pine Road', 790, 'Ogdenville'),
  ('alice.white@example.com', 'Oak Boulevard', 101, 'North Haverbrook'),
  ('charlie.green@example.com', 'Cedar Lane', 202, 'Capital City'),
  ('eva.blue@example.com', 'Cedar Lane', 203, 'Capital City'),
  ('george.clark@example.com', 'Cedar Lane', 202, 'Capital City');

DROP SCHEMA taxischema CASCADE;